TITLE_ID	TITLE_NAME
001	Last Brave ～ go to zero
002	MIRAGE
003	揺曳(ようえい)
004	Hide And Seek
005	銀漢(ぎんかん)
006	Urban Crusher
007	火蛾(かが)
008	Devil's Mountain
009	矢筈(やはず)
010	Kadath
011	廃都(はいと)
012	Influence
013	Urban Crusher -Remix-
014	AirBurst
015	Rush Tactics
016	光環(こうかん)
017	Beginning of the End
018	焰(ほむら)
019	Flash Flood
020	鬼会(おにだまり)
021	Pole Shift
022	襲(かさね)
023	A Drying Oven
024	梅花皮(かいらぎ)
025	Terraforming
026	蛟(みずち)
027	Curved Dimensions
028	弩(いしゆみ)
029	弩・即妙(いしゆみ・そくみょう)
030	Warheads
031	Stir Mix
032	Hang out
033	Too Hot To Handle
034	鬨(とき)
035	Ultimatum
036	繚乱(りょうらん)
037	Nerve Block
038	遥拝(ようはい)
039	The Greed
040	捷報(しょうほう)
041	Be Ambitious
042	敗報(はいほう)
043	Periodic Fever
044	熱源(ねつげん)
045	A.I.R
046	A Clubhouse
047	Dense Population
048	集簇(しゅうぞく)
049	Conjuring Trick
050	和妻(わづま)
051	Catch The Future
052	Z.Z.E
053	瓶覗(かめのぞき)
054	Illusory Perception
055	朧(おぼろ)
056	Hollow Out
057	纏(まとい)
058	Lost cluster
059	石蒜(せきさん)
060	The invisible
061	叢濃(むらご)
062	Unknown Virus
063	Gigant Ulcer
064	Heehaw!
065	Eradication
066	Infiltration
067	On The Edge
068	Loose walker
069	Bless you
070	Difficult to cure
071	Brutal walker
072	Raiders
073	Organs
074	瀝青(れきせい)
075	Sunny Hades
076	淘金(ゆりがね)
077	Tectorium
078	息壌(そくじょう)
079	Varying Hare
080	颪(おろし)
081	Highlander
082	徒跣(かちはだし)
083	Escape from the presence
084	矰繳(いぐるみ)
085	Cell-fish gene
086	常世神(とこよのかみ)
087	The Curtain Rises
088	Stir Mix(BBU)
089	Hang out(BBU)
090	Hum An Air
091	優曇華(うどんげ)
092	Bravado
093	頗梨(はり)
094	Dauntless
095	鉞(まさかり)
096	Whip Up
097	膾炙(かいしゃ)
098	Vendetta
099	頤(おとがい)
100	Invictus
101	Extreme pirates
102	Overjoyed
103	Cutthroat competition
104	叢濃・凱(むらご・がい)
105	Eradication/Arr
106	STAIRWAY TO GENERATION
107	Epicurean pleasures
108	火鑽(ひきり)
109	Evolute Revolute
110	砌(みぎり)
111	Distorted Prospect
112	滅紫(けしむらさき)
113	Deus ex machina
114	雁道(がんどう)
115	Warheads(BBX)
116	Stir Mix(BBX)
117	Hang Out(BBX)
118	Shoot 'em Up
119	捫蝨(もんしつ)
120	On the Horizon
121	淑均(しゅくきん)
122	Silly Walks
123	蒼惶(そうこう)
124	Noisy and Revelry
125	剔抉(てっけつ)
126	The Empty Sky
127	涅(くろつち)
128	New World Order
129	STAIRWAY TO GENERATION ～ EUSTy(ユースティ)
130	STAIRWAY TO GENERATION ～ GRFy(グラフィ)
131	Partisan
132	反閇(へんばい)
133	Hypocentre
134	Overjoyed/Arr
135	Extreme pirates/Arr
136	息壌・即妙(そくじょう・そくみょう)
137	Gipfeltreffen I
138	Escape from the presence/Arr
139	Gipfeltreffen II
140	Distorted Prospect/Arr
141	滅紫・即妙(けしむらさき・そくみょう)
142	Gipfeltreffen III
143	Evolute Revolute/Arr
144	砌・即妙(みぎり・そくみょう)
145	捫蝨・即妙(もんしつ・そくみょう)
146	叢濃・即妙(むらご・そくみょう)
147	ぼく牛マン
148	マジ牛マン
149	Beginning
150	Crystal Works
151	琅玕(ろうかん)
152	Ground Shaker
153	開闢(かいびゃく)
154	琅玕(ろうかん)-radio edit-
155	ELVS
156	Improve 
157	Build
158	Inspect
159	ELVS/Arr
160	Crystal Works/Arr
161	Pole Shift/Arr
162	開闢・即妙(かいびゃく・そくみょう)
163	Stagnation
164	It's not over yet
165	Brave Wind
166	Nonexistent Anthem
167	Uncharted Abyss
168	Who's The Requiem for？
169	MAX-G-
170	Craftsmanship
171	Heatstroke
172	陽炎(かげろう)
173	Heatstroke ～Funky kota Mix～
174	叢濃・即妙≪真≫(むらご・そくみょう≪しん≫)
175	Imminent Disaster
176	Apocalypse：Ω
177	Distant Shooting Star
178	GOLD RUUUSH ! ! !
179	Looser & Loser
180	Emotional Energy
181	軻遇突智(かぐつち)
182	The choice of Fate
183	Magnificent
184	Indication
185	Relief
186	Tense
187	Craftsmanship ～Beat Rock Mix～
188	Brave Wind ～Orchestral Mix～
189	Soft Landing Experiments
190	卵嚢(らんのう)
191	Jumble
192	What can I get you?
193	Ominous
194	Encounter
195	Bloodcurdling
196	Dissidents
197	Majesty
198	Triumph
199	Shiny Beachside Candy
200	弩・即妙≪真≫(いしゆみ・そくみょう≪しん≫)
201	琅玕・即妙(ろうかん・そくみょう)
202	Extreme pirates(Metasequoia Version)
203	Catch The Future -Re:UNION-
204	弩(いしゆみ) ～8bit Mix～
205	叢濃(むらご) ～8bit Mix～
206	火蛾(かが) ～8bit Mix～
207	Organs ～SN76489～
208	Highlander ～SN76489～
209	颪(おろし) ～8bit Mix～
210	Devil's Mountain ～8bit Mix～
211	Extreme pirates ～8bit Mix～
212	Crystal Works ～8bit Mix～
213	Soft Landing Experiments ～8bit Mix～
214	卵嚢(らんのう) ～8bit Mix～
215	Eradication ～8bit Mix～
216	MONICA STRIKE!
217	渚のプラズマ☆カノン
218	Warheads(PS4 Arr)
219	Break a leg
220	Secret Strategy
221	Gale Gun Front-疾風のガンフロント-(mobile)
222	Gale Gun Front-疾風のガンフロント-(PS4 Arr)
223	Soar ～Unused Demo～
224	玉兎(ぎょくと) ～Unused Demo～
225	Catch The Future -Re:UNION- Feat.ミツヨロイド v0.48
226	Catch The Future -Re:UNION- Feat.ミツヨロイド v0.48 ～Off Vocal Edition～
